{"cameraMode":{"drawMode":0,"name":"Shaded","section":"Shading Mode"},"sceneLighting":false,"audioPlay":false,"sceneViewState":{"showFog":true,"showMaterialUpdate":false,"showSkybox":false,"showFlares":true,"showImageEffects":true,"showParticleSystems":true},"in2DMode":false,"pivot":{"x":-0.0787656232714653,"y":1.0346436500549317,"z":-1.179373025894165},"rotation":{"x":0.338326632976532,"y":-0.06179528310894966,"z":0.022271784022450448,"w":0.9387333989143372},"size":1.8852229118347169,"orthographic":false}