{"cameraMode":{"drawMode":0,"name":"Shaded","section":"Shading Mode"},"sceneLighting":false,"audioPlay":false,"sceneViewState":{"showFog":true,"showMaterialUpdate":false,"showSkybox":false,"showFlares":true,"showImageEffects":true,"showParticleSystems":true},"in2DMode":false,"pivot":{"x":0.5000852942466736,"y":1.121750831604004,"z":0.3425724506378174},"rotation":{"x":0.019980302080512048,"y":0.9710403084754944,"z":-0.08764714747667313,"w":0.22135862708091737},"size":1.6660354137420655,"orthographic":false}