{"cameraMode":{"drawMode":0,"name":"Shaded","section":"Shading Mode"},"sceneLighting":false,"audioPlay":false,"sceneViewState":{"showFog":true,"showMaterialUpdate":false,"showSkybox":false,"showFlares":true,"showImageEffects":true,"showParticleSystems":true},"in2DMode":false,"pivot":{"x":-4.533019542694092,"y":-1.5687811374664307,"z":5.6318817138671879},"rotation":{"x":-0.10873251408338547,"y":0.4056794345378876,"z":-0.048675958067178729,"w":-0.9062185883522034},"size":11.145760536193848,"orthographic":false}