{"cameraMode":{"drawMode":0,"name":"Shaded","section":"Shading Mode"},"sceneLighting":false,"audioPlay":false,"sceneViewState":{"showFog":true,"showMaterialUpdate":false,"showSkybox":false,"showFlares":true,"showImageEffects":true,"showParticleSystems":true},"in2DMode":false,"pivot":{"x":1.6625001430511475,"y":0.5113993883132935,"z":3.7991836071014406},"rotation":{"x":-0.0018515782430768014,"y":0.9966556429862976,"z":-0.0782136544585228,"w":-0.023595279082655908},"size":3.974876642227173,"orthographic":false}