{"cameraMode":{"drawMode":0,"name":"Shaded","section":"Shading Mode"},"sceneLighting":false,"audioPlay":false,"sceneViewState":{"showFog":true,"showMaterialUpdate":false,"showSkybox":false,"showFlares":true,"showImageEffects":true,"showParticleSystems":true},"in2DMode":false,"pivot":{"x":-0.0010787546634674073,"y":0.6700568199157715,"z":-0.7089099884033203},"rotation":{"x":0.26974329352378847,"y":0.08476300537586212,"z":-0.02384433150291443,"w":0.9588980078697205},"size":2.8578836917877199,"orthographic":false}