{"cameraMode":{"drawMode":0,"name":"Shaded","section":"Shading Mode"},"sceneLighting":false,"audioPlay":false,"sceneViewState":{"showFog":true,"showMaterialUpdate":false,"showSkybox":false,"showFlares":true,"showImageEffects":true,"showParticleSystems":true},"in2DMode":false,"pivot":{"x":19.63338279724121,"y":-0.7761064767837524,"z":-0.36511698365211489},"rotation":{"x":-0.036458685994148257,"y":-0.7025405168533325,"z":0.036084018647670749,"w":-0.7097926735877991},"size":22.0,"orthographic":false}