{"cameraMode":{"drawMode":0,"name":"Shaded","section":"Shading Mode"},"sceneLighting":false,"audioPlay":false,"sceneViewState":{"showFog":true,"showMaterialUpdate":false,"showSkybox":false,"showFlares":true,"showImageEffects":true,"showParticleSystems":true},"in2DMode":false,"pivot":{"x":-2.7531518936157228,"y":1.0545505285263062,"z":-0.837884783744812},"rotation":{"x":0.006563202012330294,"y":0.779754638671875,"z":0.008174889720976353,"w":-0.6259973645210266},"size":3.775582790374756,"orthographic":false}