{"cameraMode":{"drawMode":0,"name":"Shaded","section":"Shading Mode"},"sceneLighting":false,"audioPlay":false,"sceneViewState":{"showFog":true,"showMaterialUpdate":false,"showSkybox":false,"showFlares":true,"showImageEffects":true,"showParticleSystems":true},"in2DMode":false,"pivot":{"x":-31.162006378173829,"y":112.94046783447266,"z":1.8409340381622315},"rotation":{"x":-0.15938018262386323,"y":-0.6933648586273193,"z":0.1615840047597885,"w":-0.683910608291626},"size":2.541658639907837,"orthographic":false}