{"cameraMode":{"drawMode":0,"name":"Shaded","section":"Shading Mode"},"sceneLighting":false,"audioPlay":false,"sceneViewState":{"showFog":true,"showMaterialUpdate":false,"showSkybox":false,"showFlares":true,"showImageEffects":true,"showParticleSystems":true},"in2DMode":false,"pivot":{"x":45.164337158203128,"y":-16.318519592285158,"z":-40.683326721191409},"rotation":{"x":-0.13273948431015016,"y":-0.8169437646865845,"z":0.20803984999656678,"w":-0.5212509632110596},"size":53.42628860473633,"orthographic":false}