{"cameraMode":{"drawMode":0,"name":"Shaded","section":"Shading Mode"},"sceneLighting":false,"audioPlay":false,"sceneViewState":{"showFog":true,"showMaterialUpdate":false,"showSkybox":false,"showFlares":true,"showImageEffects":true,"showParticleSystems":true},"in2DMode":false,"pivot":{"x":10.47968864440918,"y":-43.284385681152347,"z":192.7960205078125},"rotation":{"x":-0.1200471892952919,"y":-0.01843315362930298,"z":0.0022303315345197918,"w":-0.9925945401191711},"size":235.26100158691407,"orthographic":false}